{
    "Precision": 0.5639156469669357,
    "Recall": 0.6440677966101694,
    "Specificity": 0.747626939882477,
    "NPV": 0.8056502679006332,
    "MCC": 0.38046947793576874,
    "TP": 2166,
    "TN": 4962,
    "FP": 1675,
    "FN": 1197,
    "AUROC": 0.7682594772428655
}