{
    "Precision": 0.5603271983640081,
    "Recall": 0.6517989889979185,
    "Specificity": 0.7408467681181257,
    "NPV": 0.8076544021024967,
    "MCC": 0.38011368578353655,
    "TP": 2192,
    "TN": 4917,
    "FP": 1720,
    "FN": 1171,
    "AUROC": 0.768219468696359
}