{
    "Precision": 0.591915019179699,
    "Recall": 0.5879249706916765,
    "Specificity": 0.7900728597449909,
    "NPV": 0.7873241567085161,
    "MCC": 0.3786179944249019,
    "Accuracy": 0.7211,
    "F1-score": 0.5899132480517572,
    "TP": 2006,
    "TN": 5205,
    "FP": 1383,
    "FN": 1406,
    "AUROC": 0.7737187662601582
}