{
    "Precision": 0.5605518650996423,
    "Recall": 0.6523936961046685,
    "Specificity": 0.7408467681181257,
    "NPV": 0.8079198159710812,
    "MCC": 0.3806546662228178,
    "TP": 2194,
    "TN": 4917,
    "FP": 1720,
    "FN": 1169,
    "AUROC": 0.7682915109615128
}