{
    "Precision": 0.5326842837273992,
    "Recall": 0.7972048765982753,
    "Specificity": 0.6456230224499021,
    "NPV": 0.8626937789410106,
    "MCC": 0.4184309224008069,
    "TP": 2681,
    "TN": 4285,
    "FP": 2352,
    "FN": 682,
    "AUROC": 0.7908781051593955
}