{
    "Precision": 0.3620028749401054,
    "Recall": 0.8986024382991377,
    "Specificity": 0.19752900406810306,
    "NPV": 0.7935835351089588,
    "MCC": 0.12229777598451033,
    "TP": 3022,
    "TN": 1311,
    "FP": 5326,
    "FN": 341,
    "AUROC": 0.5753568589859128
}