{
    "Precision": 0.5604086845466156,
    "Recall": 0.6523936961046685,
    "Specificity": 0.7406960976344734,
    "NPV": 0.8078882497945769,
    "MCC": 0.38049147947744744,
    "TP": 2194,
    "TN": 4916,
    "FP": 1721,
    "FN": 1169,
    "AUROC": 0.7682700058077355
}