{
    "Precision": 0.5981210855949896,
    "Recall": 0.5111507582515611,
    "Specificity": 0.8259755913816483,
    "NPV": 0.7692955374684255,
    "MCC": 0.3519457698679303,
    "Accuracy": 0.7201,
    "F1-score": 0.5512265512265513,
    "TP": 1719,
    "TN": 5482,
    "FP": 1155,
    "FN": 1644,
    "AUROC": 0.7683648524963742
}