{
    "Precision": 0.5600408788962699,
    "Recall": 0.6517989889979185,
    "Specificity": 0.7405454271508212,
    "NPV": 0.8075911929017418,
    "MCC": 0.3797872964794143,
    "TP": 2192,
    "TN": 4915,
    "FP": 1722,
    "FN": 1171,
    "AUROC": 0.7682577299491211
}