{
    "Precision": 0.563457046457306,
    "Recall": 0.6455545643770443,
    "Specificity": 0.7465722464969112,
    "NPV": 0.8060842687489832,
    "MCC": 0.3806665961415704,
    "TP": 2171,
    "TN": 4955,
    "FP": 1682,
    "FN": 1192,
    "AUROC": 0.7683063405571384
}