{
    "Precision": 0.5606758832565284,
    "Recall": 0.6512042818911686,
    "Specificity": 0.7414494500527347,
    "NPV": 0.8075155891040368,
    "MCC": 0.3802259271700141,
    "TP": 2190,
    "TN": 4921,
    "FP": 1716,
    "FN": 1173,
    "AUROC": 0.7682667576334672
}