{
    "Precision": 0.5975903614457831,
    "Recall": 0.5162057686589355,
    "Specificity": 0.8238662046105169,
    "NPV": 0.7706835799859055,
    "MCC": 0.35389213888753324,
    "Accuracy": 0.7204,
    "F1-score": 0.5539246968730057,
    "TP": 1736,
    "TN": 5468,
    "FP": 1169,
    "FN": 1627,
    "AUROC": 0.7682411754609529
}